"Unnamed: 0","created_at","id_str","full_text","quote_count","reply_count","retweet_count","favorite_count","lang","user_id_str","conversation_id_str","username","tweet_url"
"0","Fri Oct 20 10:31:59 +0000 2023","","Hari ini ready ya beb bo amp  vcs         ","0","0","0","1","in","","","Ps8423451Putri",""
"1","Fri Oct 20 10:31:20 +0000 2023","","1830 Perintis  Parumpa arus lalin terpantau ramai lancar Tetap tertib dan jaga jarak aman saat berkendara  rk ","0","0","0","0","in","","","DiskominfoMKS",""
"2","Fri Oct 20 10:31:13 +0000 2023","","1830 ToddopuliAnggrek Raya terpantau ramai lancar  er ","0","0","0","0","in","","","DiskominfoMKS",""
"3","Fri Oct 20 10:30:55 +0000 2023","","Norak bgt uwe akhirnya ada pastry enak di makassar thankyou monsier spoon ","0","0","0","0","in","","","nniisoy",""
"4","Fri Oct 20 10:30:27 +0000 2023","","1830 Nusantara  Tentara Pelajar arus lalin terpantau ramai lancar   MAM ","0","0","0","0","in","","","DiskominfoMKS",""
"5","Fri Oct 20 10:30:17 +0000 2023","","Makassar nda baik² sj","0","0","0","0","in","","","fachruzy8",""
"6","Fri Oct 20 10:30:11 +0000 2023","","1830 UripKantor Gub terpantau ramai lancar  er ","0","0","0","0","in","","","DiskominfoMKS",""
"7","Fri Oct 20 10:30:09 +0000 2023","","Petugas pemadam kebakaran di Kota Makassar justru dianiaya warga saat akan memadamkan api Pintu kaca mobil petugas pecah  ","0","0","0","0","in","","","indozonemedia",""
"8","Fri Oct 20 10:30:05 +0000 2023","","1829 Losari  depan Hotel MGH arus lalin terpantau ramai lancar   MAM ","0","0","0","0","in","","","DiskominfoMKS",""
"9","Fri Oct 20 10:29:55 +0000 2023","","infoXwor_ jefrinichol abis dari makassar lanjut ke ambon ya Bokap gw dah meninggal tapi om² gw masih ada semua Lo tinggal pilih mo gelud sama siapa","0","0","0","0","in","","","Oceanologic18",""
"10","Fri Oct 20 10:29:45 +0000 2023","","pajakmksbarat Halo apakah ada saluran whatsapp untuk KPP Pratama Makassar Barat Terimakasih","0","0","0","0","in","","","Lindakrsm",""
"11","Fri Oct 20 10:27:28 +0000 2023","","infoXwor_ si paling jagoan disuruh ke Makassar kicep","0","0","0","0","in","","","OhMyDearLova",""
"12","Fri Oct 20 10:26:47 +0000 2023","","1825 Pajjaiang  SD arus lalin terpantau ramai lancar Gunakan lampu sen untuk pindah lajur  rk ","0","0","0","0","in","","","DiskominfoMKS",""
"13","Fri Oct 20 10:26:47 +0000 2023","","LetsGöFollow  base  jakarta tele    expo  2021 surakarta  2122 jogjakarta  2324 bali  2627 semarang  2829 makassar   SonniaSemarang  KesayangnBpkmu ","0","0","0","0","in","","","C0VNERemake",""
"14","Fri Oct 20 10:25:46 +0000 2023","","PSM_Makassar knpa harga tiket berubah2","0","0","0","0","in","","","yudhiharia41562",""
"15","Fri Oct 20 10:25:00 +0000 2023","","Open pijat chat wa 62 85936687966 ","0","0","0","0","in","","","PijatMakassar05",""
"16","Fri Oct 20 10:23:00 +0000 2023","","Go  F O L L O W  B a s e  Surabaya T e L e   E x p o  2324 banjarmasin  2526 Makassar  mochaacaramell  m0cha_caramel  moccha_caramel ","0","0","0","0","in","","","x_glorycity",""
"17","Fri Oct 20 10:22:50 +0000 2023","","Bidik sasaran ayo ambil poin dari pulau Sulawesi     PSM MAKASSAR vs AREMA FC  Jumat 20 Oktober 2023  Kick Off 1900 WIB  Stadion Gelora BJ Habibie  Live Indosiar amp  Vidio   krewolkartun       ","0","0","0","2","in","","","AremafcOfficial",""
"18","Fri Oct 20 10:06:45 +0000 2023","","Sunsetan bareng kamu kapan   Pantai barombong ","0","2","0","5","in","","","yourboifi",""
"19","Fri Oct 20 10:06:34 +0000 2023","","cgaretsaftrmeal Kutunggu i juga kalo di makassar mi","0","0","0","0","in","","","bucinizone12",""
"20","Fri Oct 20 10:05:49 +0000 2023","","andhsna gua sebel bgt anj lg ngikutin yg disuruh dtg ke makassar itu pgn taunya sampe mana wkwk","0","0","0","0","in","","","harnumwd",""
"21","Fri Oct 20 10:05:47 +0000 2023","","Go  F O L L O W  B a s e  Surabaya T e L e   E x p o  Makassar Now  bebynayaka  AngelPutri46703  TeamoSPFC_ ","0","0","0","0","tl","","","x_glorycity",""
"22","Fri Oct 20 10:05:17 +0000 2023","","Soi kèo bóng đá PSM Makassar vs Arema Malang 19h00 ngày 2010 ","0","0","0","0","vi","","","lannguyen11223",""
"23","Fri Oct 20 10:05:08 +0000 2023","","pipipupuu_ Terlalu keringmi kdg makassar","0","1","0","0","in","","","Calmhighly",""
"24","Fri Oct 20 10:04:34 +0000 2023","","Arema Berambisi Keluar dari Zona Degradasi dalam Laga Kontra PSM Makassar   ","0","0","0","0","in","","","baliexpressnews",""
"25","Fri Oct 20 10:03:45 +0000 2023","","CGV_ID Kok gak masuk CGV Makassar ","0","0","0","0","in","","","TuttiAmour1",""
"26","Fri Oct 20 10:01:36 +0000 2023","","jumat jeon jungkook doona vidi avkor leunca firli jurusan prabowo korsel mom sorry menkopolhukam nabila hoshi nama shirtless yuuji makassar tantrum kurakura zendaya dj jihoon jepri mahfud mendung minggu tolol raisa makestar bakri the corrs publish pks","0","0","0","0","in","","","xnathings",""
"27","Fri Oct 20 10:00:46 +0000 2023","","1759 Jemabatan barombong terpantau lancar Hidup itu seperti mengemudi tetaplah di jalurmu sendiri  wi ","0","0","0","0","in","","","DiskominfoMKS",""
"28","Fri Oct 20 10:00:41 +0000 2023","","KucengTerbanggg Jadi kangen kampung halaman liat video iniEwako Makassar","0","0","0","0","in","","","anwarmustafa",""
"29","Fri Oct 20 10:00:21 +0000 2023","","kondusivitas Mungkin dia jefrinichol butuh donatur tiket pesawat ke Makassar","0","0","0","0","in","","","uyeuyeuyeee",""
"30","Fri Oct 20 10:00:12 +0000 2023","","BonekNetijen ruangtaktik PSM_Makassar kapan kasian kita","0","0","0","0","in","","","rahimteruncu83",""
"31","Fri Oct 20 09:58:33 +0000 2023","","LetsGöFollow  base  surabaya expo  0104 banjarmasin  0510 samarinda  1016 balikpapan  1619 makassar   erikalagii  gantinamaerika ","0","0","0","0","tl","","","C0VNERemake",""
"32","Fri Oct 20 09:58:16 +0000 2023","","bombcrd senin udh balik jkt dinda","0","0","0","0","in","","","Kunti_enak",""
"33","Fri Oct 20 09:56:57 +0000 2023",""," MAKASSAR  Memperingati Hari Ulang Tahun HUT ke71 tahun yang jatuh pada tanggl 18 Oktober 2023 dengan mengangkat tagline Aktif Bersama dan Maju Bersama ","0","0","0","0","in","","","InfoKinimks",""
"34","Fri Oct 20 09:56:03 +0000 2023","","cgaretsaftrmeal jefrinichol HlGHTHERAPY Wkwkwkw di makassar lagi hati hati lu jef","0","0","0","0","in","","","babyg3mini",""
"35","Fri Oct 20 09:55:06 +0000 2023","","Go  F O L L O W  B a s e  Surabaya E x p o  0104 Banjarmasin  0510 Samarinda  1016 Balikpapan  1619 Makassar  erikalagii  gantinamaerika ","0","0","0","0","in","","","x_glorycity",""
"36","Fri Oct 20 09:54:06 +0000 2023","","Go  F O L L O W  B a s e  Jakarta T e L e   E x p o  2327 Makassar  3003 Balikpapan  QuenTaurusIsya ","0","0","0","0","in","","","x_glorycity",""
"37","Fri Oct 20 09:53:32 +0000 2023","","Udah berapa hari gak tumpahada yang mau ngajak tumpah bareng  ","0","1","1","1","in","","","Fikram31705089",""
"38","Fri Oct 20 09:52:29 +0000 2023","","bertempat di Politeknik Negeri Ujung Pandang Tamalanrea Indah Tamalanrea Jl Politeknik Tamalanrea Indah Kec Tamalanrea Kota Makassar Kegiatan ini turut dihadiri oleh Kepala BPTD Kelas II Sulawesi Selatan Ir Amanna Gappa ST SHI MH IPM","0","1","0","0","in","","","JR_Sulsel",""
"39","Fri Oct 20 09:49:47 +0000 2023","","dicari joki psikotes area makassar alias saya agak dungu","0","1","0","0","in","","","bil4dek",""
"40","Fri Oct 20 09:49:15 +0000 2023","","Di sini aja Gazebo Samasta  ","0","0","0","0","in","","","heyadda",""
"41","Fri Oct 20 09:48:52 +0000 2023","","btuh partner gym ","0","0","0","1","in","","","piiyonirr",""
"42","Fri Oct 20 09:44:27 +0000 2023","","kondusivitas Kalau aku ke Makassar selain makan Coto sih mau ketemu Doi  beatlespool","0","0","0","0","in","","","cakkadull",""
"43","Fri Oct 20 09:44:17 +0000 2023","","SupirPete2 Taku sm org makassar atau bgmn Anti klimaks sekali","0","0","0","0","in","","","samesky11",""
"44","Fri Oct 20 09:41:47 +0000 2023","","jefrinichol dewimaysaa azfwul Bylksn cgaretsaftrmeal HlGHTHERAPY dateng aja ke makassar kalo berani dijadiin tumbal parakkang lo","0","0","0","0","in","","","hamtaro______",""
"45","Fri Oct 20 09:41:22 +0000 2023","","Bg____CoklaT iya bng","0","0","1","0","in","","","Kunti_enak",""
"46","Fri Oct 20 09:40:54 +0000 2023","","Trimakasih bolu nya beby ","0","0","17","12","in","","","Kunti_enak",""
"47","Fri Oct 20 09:39:37 +0000 2023","","Ada yang tau dmna ada dijual di makassar   ","0","1","0","0","in","","","callmeramsss",""
"48","Fri Oct 20 09:39:37 +0000 2023","","kondusivitas aman patopik di Makassar banyak rumah sakit ","0","0","0","0","in","","","evamoa",""
"49","Fri Oct 20 09:37:38 +0000 2023","","Akhirnyaaa dah buka dia di makassar  nangis seneng bgt gue huhu ","0","0","0","0","in","","","brutaliied",""
"50","Fri Oct 20 09:36:11 +0000 2023","","New open makassar Yuk yang minat booking bisa DMWA Bopijatvcs        ","0","0","0","0","in","","","badhvn",""
"51","Fri Oct 20 09:35:50 +0000 2023","","LetsGöFollow  base  jakarta tele    expo  2327 makassar  3003 balikpapan   QuenTaurusIsya ","0","0","0","0","sv","","","C0VNERemake",""
"52","Fri Oct 20 09:34:38 +0000 2023","","Personel Subden Composite Detasemen Gegana Satbrimobda Sulsel melaksanakan kegiatan Gladi Escape di Gelora BJ Habibie Kota Makassar dalam rangka PSM BRI liga 1 antara PSM Makassar VS Arema Malang    ","0","0","0","0","in","","","gegana_panrita",""
"53","Fri Oct 20 09:34:35 +0000 2023","","VIDEO Viral Rumah Panggung di Makassar Roboh saat Gelar Nikahan ","0","0","0","1","in","","","liputan6dotcom",""
"54","Fri Oct 20 09:33:45 +0000 2023","","satu saran saya buat jepri nikol kalo mau ke makassar jangan naik sriwijaya air delay nya tidak mainmain","1","5","3","5","in","","","SupirPete2",""
"55","Fri Oct 20 09:33:13 +0000 2023","","baeknya tetangga ku na tau klo dari hari selasa mandi BAB BAK di pertamina ja kodong   ","0","0","0","2","in","","","susugulaaren_",""
"56","Fri Oct 20 09:32:44 +0000 2023","","cgaretsaftrmeal jefrinichol HlGHTHERAPY Mau beng dilihat nyalimu jefrinichol  berani jako kah datang di Makassar Kalo bukan kau nabikin cacat ananaka","0","0","0","0","in","","","ihsan_aris",""
"57","Fri Oct 20 09:31:49 +0000 2023","","Bhabinkamtibmas Polsek Panakkukang Bagikan Air Bersih Bantu Warga Yang Alami Kekeringan di  ","0","0","0","0","in","","","sekpanakkukang",""
"58","Fri Oct 20 09:31:49 +0000 2023","","fleurlvvn Makassar mendung tapi tetep aja panass ","0","1","0","0","in","","","kiyewoni",""
"59","Fri Oct 20 09:31:47 +0000 2023","","kondusivitas Mau beli coto makassar sirup markisa ya Pak","0","0","0","0","in","","","sinok_Veei",""
"60","Fri Oct 20 09:31:35 +0000 2023","","VIDEO Viral Rumah Panggung di Makassar Roboh saat Gelar Nikahan ","0","0","0","0","in","","","liputan6dotcom",""
"61","Fri Oct 20 09:31:26 +0000 2023","","New open makassar Yuk yang minat booking bisa DMWA Bopijatvcs        ","0","0","0","1","in","","","availbomks",""
"62","Fri Oct 20 09:31:17 +0000 2023","","efek temperatur di makassar ","0","0","0","0","in","","","Kamartamuu",""
"63","Fri Oct 20 09:31:15 +0000 2023","","Bg____CoklaT pdhl udh pake baju pling sopan abg","0","1","1","0","in","","","Kunti_enak",""
"64","Fri Oct 20 09:30:21 +0000 2023","","E  Ewako  makassar  jusuf kalla  golkar fix join golkar","0","0","0","0","in","","","yudaafriyandy",""
"65","Fri Oct 20 09:29:07 +0000 2023","","cgaretsaftrmeal jefrinichol HlGHTHERAPY Makassar ini kau e","0","0","0","0","in","","","fitrahputra3",""
"66","Fri Oct 20 09:27:27 +0000 2023","","jakesvarna tanyakanrl Lah Yaelah sans aja kali cowo gue jg makassar Justru itu biar dia tau klo suku itu gabisa diajak sok keras krn mereka gaada takutnya ama siapapun","0","1","0","0","in","","","lilaccountz",""
"67","Fri Oct 20 09:27:24 +0000 2023","","makassar hot  ","0","0","0","3","in","","","piiyonirr",""
"68","Fri Oct 20 09:27:17 +0000 2023","","Selama tinggal di Makassar saya rasa baru kali ini kita dilanda banjir dan kekeringan terparah dalam 1 tahun yang sama","0","0","0","0","in","","","zulkifliramli_",""
"69","Fri Oct 20 09:26:52 +0000 2023","","evamoa Ke Makassar bukannya cari konro malah cari penyakit ","0","1","0","0","in","","","kondusivitas",""
"70","Fri Oct 20 09:26:50 +0000 2023","","Bhabinkamtibmas Kelurahan Masale Polsek Panakkukang  Bagikan Makanan ke Anakanak Tahfidz Quran  ","0","0","0","0","in","","","sekpanakkukang",""
"71","Fri Oct 20 09:26:24 +0000 2023","","rarahaitani Wkwkwk belumpi itu anak2 SD na makassar yang rawanngang","0","0","0","0","in","","","plentfeef",""
"72","Fri Oct 20 09:26:14 +0000 2023","","jefrinichol aswin_permadi18 cgaretsaftrmeal HlGHTHERAPY Kicep ya lu jep ketar ketir kan lu  ditunggu tuh di Makassar","0","0","0","0","in","","","Re8life",""
"73","Fri Oct 20 09:24:20 +0000 2023","","LetsGöFollow  base  surabaya tele    expo  2324 banjarmasin  2526 makassar   moccha_caramel  m0cha_caramel  mochaacaramell ","0","0","0","0","tl","","","C0VNERemake",""
"74","Fri Oct 20 09:23:14 +0000 2023","","KyowSya Otet243 infoXwor_ Orang makassar bisa masak konro ka","0","0","0","0","in","","","Kolangkalingcuk",""
"75","Fri Oct 20 09:23:01 +0000 2023","","Makassar masih panas terik","0","0","0","0","in","","","tz44441",""
"76","Fri Oct 20 09:22:59 +0000 2023","","infoXwor_ Jdi itu sih abang jdi gak ke makassar","0","0","0","0","in","","","zhrasabill",""
"77","Fri Oct 20 09:21:51 +0000 2023","","cgaretsaftrmeal jefrinichol HlGHTHERAPY badada panggilkan tukang parkir Makassar sj kak ","0","0","0","0","in","","","winxxaa",""
"78","Fri Oct 20 09:21:46 +0000 2023","","lg makan siang tiba2 dapet surat cinta dari hamba allah ","1","3","23","20","in","","","Kunti_enak",""
"79","Fri Oct 20 09:20:39 +0000 2023","","Personel Subden Composite Detasemen Gegana Satbrimobda Sulsel melaksanakan kegiatan sterilisasi di Gelora BJ Habibie Kota Makassar dalam rangka PSM BRI liga 1 antara PSM Makassar VS Arema Malang    ","0","0","0","0","in","","","gegana_panrita",""
"80","Fri Oct 20 09:20:35 +0000 2023","","from bali   ","0","0","0","1","en","","","saputra_an42339",""
"81","Fri Oct 20 09:20:17 +0000 2023","","1719 Perintis  Asrama Haji arus lalin terpantau ramai lancar Tetap tertib bergantian arus di persimpangan jalan  rk ","0","0","0","0","in","","","DiskominfoMKS",""
"82","Fri Oct 20 09:18:36 +0000 2023","","Asli seneng banget ada di event ini Aku butuh season 2 nya lebih keren lagi  Ayo guys datang ke next roadshow Palembang 22 Oktober dan akan ada juga di kota Bandung Surabaya Semarang Makassar Malang    myXL ","0","0","0","0","in","","","JulitaSinergi",""
"83","Fri Oct 20 09:18:14 +0000 2023","","Jejak Sejarah Societeit De Harmonie Makassar IDenesia Daily  Warga kota Makassar tentu tak asing lagi dengan Gedung Kesenian atau yang juga dikenal dengan sebutan Societeit De Harmonie yang terletak di Jalan Riburane Gedung tua yang didirikan tahun ","0","0","0","0","in","","","idenesiaid",""
"84","Fri Oct 20 09:18:10 +0000 2023","","Kelembapan Udara di Makassar Menurun Ini Dampaknya IDenesia Today  Musim kemarau yang berkepanjangan membuat kelembapan udara di kota Makassar dan sekitarnya menurun hingga 50 apa penyebab dan dampaknya Berikut liputannya ","0","0","0","0","in","","","idenesiaid",""
"85","Fri Oct 20 09:16:12 +0000 2023","","jefrinichol Cintakuosh aswin_permadi18 cgaretsaftrmeal HlGHTHERAPY Ditunggu di makassar tuh dah di bilangin ke bokapnya yakali lu ga kesana","0","0","0","1","in","","","dhiki_100",""
"86","Fri Oct 20 09:16:12 +0000 2023","","jefrinichol Jep jadi kaga ke makassar nya","0","0","0","0","in","","","D_cchn",""
"87","Fri Oct 20 09:12:48 +0000 2023","","1900 PSM Makassar vs Arema 0  34 LinkJoin Master303                 ","0","0","0","0","in","","","M303Bet",""
"88","Fri Oct 20 09:12:11 +0000 2023","","Pai_C1 makassar punya nih","0","0","0","0","in","","","indraimel",""
"89","Fri Oct 20 09:11:35 +0000 2023","","kondusivitas siapa mo na ajak duel di makassar nah","0","1","0","0","in","","","nvrmndiva",""
"90","Fri Oct 20 09:10:08 +0000 2023","","cgaretsaftrmeal Ayok bang udah ditunggu di makassar jefrinichol","0","0","0","0","in","","","ucuplawas",""
"91","Fri Oct 20 09:09:26 +0000 2023","","jefrinichol Bang jago ditunggu di makassar itu jangan culun lah masa culun sih LOOOL","0","0","0","0","in","","","belangtompel",""
"92","Fri Oct 20 09:08:48 +0000 2023","","pengen coto makassar tapi yang di kalibobo","0","0","0","0","in","","","nindaprly",""
"93","Fri Oct 20 09:08:32 +0000 2023","","Pada Hari Jumat 20 Oktober 2023 berlokasi di Jl Sungai Limboto Makassar Penanggung Jawab Jasa Raharja Samsat Makassar I Andi Abdul Gafur memastikan tersampaikannya bukti pembayaran SWDKLLJ atas STCK Kendaraan kepada pihak dealer CV Trijaya Honda Astra ","0","1","0","0","in","","","JR_Sulsel",""
"94","Fri Oct 20 09:08:05 +0000 2023","","Hasanah gym makassar khusus perempuan ","0","0","0","0","in","","","nurulmagfirafi3",""
"95","Fri Oct 20 09:05:19 +0000 2023","","1705 Sudirman  Bulusaraung arus lalin terpantau ramai lancar Gunakan lampu sen untuk pindah lajur jalan   MAM ","0","0","0","0","in","","","DiskominfoMKS",""
"96","Fri Oct 20 09:04:25 +0000 2023","","jefrinichol HlGHTHERAPY Otw ke Makassar aja bang katanya mau cacatin bapak orang","0","0","0","0","in","","","Pakaluru_MKS",""
"97","Fri Oct 20 09:04:19 +0000 2023","","1704 Boulevard  Pandang Raya arus lalin terpantau ramai lancar Hindari menggunakan Handphone saat mengemudi   MAM ","0","0","0","0","in","","","DiskominfoMKS",""
"98","Fri Oct 20 09:03:42 +0000 2023","","PSM_Makassar AremafcOfficial Liga1Match Indosiar      Big Match      ","0","0","0","0","en","","","SenjaSorre",""
"99","Fri Oct 20 09:03:19 +0000 2023","","makassar pemadaman listrik bergilir cuman bikin emosi","0","0","0","0","in","","","dollarblades",""
"100","Fri Oct 20 09:02:31 +0000 2023","","Go  F O L L O W  B a s e  Jakarta T e L e   E x p o  2021 SoLo  2122 Jogja  2324 Bali  2627 Semarang  2829 Makassar  SonniaSemarang  KesayangnBpkmu ","0","0","0","0","in","","","x_glorycity",""
"101","Fri Oct 20 09:01:40 +0000 2023","","1701 UripKODAM terpantau ramai lancar  er ","0","0","0","0","in","","","DiskominfoMKS",""
"102","Fri Oct 20 09:01:20 +0000 2023","","1700 VeteranKerung2 terpantau ramai lancar Tampak bentor semakin di depan  er ","0","0","0","0","in","","","DiskominfoMKS",""
"103","Fri Oct 20 09:01:01 +0000 2023","","1700 Veteran  Sungai Saddang kondisi lalu lintas terpantau lancar Patuhi aturan berlalu lintas dijalan raya  U7 ","0","0","0","0","in","","","DiskominfoMKS",""
"104","Fri Oct 20 09:00:50 +0000 2023","","1700 VeteranAndi Djemma terpantau ramai lancar  er ","0","0","0","0","in","","","DiskominfoMKS",""
"105","Fri Oct 20 09:00:48 +0000 2023","","1700 S SaddangLatimojong terpantau ramai lancar  er ","0","0","0","0","in","","","DiskominfoMKS",""
"106","Fri Oct 20 09:00:37 +0000 2023","","Bang Jepri gak jadi ke Makassar","0","17","5","15","in","","","kondusivitas",""
"107","Fri Oct 20 09:00:14 +0000 2023","","jumat jeon jungkook doona vidi avkor leunca firli jurusan prabowo korsel mom sorry menkopolhukam nabila hoshi nama shirtless yuuji makassar tantrum kurakura zendaya dj jihoon jepri mahfud mendung minggu tolol raisa makestar bakri the corrs publish pks","0","0","2","3","in","","","RiiinAriin",""
"108","Fri Oct 20 09:00:03 +0000 2023","","Pasangan GanjarMahfud resmi daftar ke KPU tim pemenangan GanjarMahfud di Makassar segera dibentuk  CARITAU selengkapnya di  ","0","0","0","0","in","","","caritaucom",""
"109","Fri Oct 20 09:00:00 +0000 2023","","Dasell  CALLING FOR RIIZE COLLECTOR  Bingung nyari WL dimana Sini yuk join G0 RIIZE ONLY kitaa  Sering drop pisi murce2  Personal Order Rate Rendah 1184501103k Makassar JKT Link di rep ya jeddongilvvvv ","0","1","0","0","in","","","dagangkorea",""
"110","Fri Oct 20 08:58:39 +0000 2023","","samarinda ujan mulu makassar kalah","0","0","0","0","in","","","shiruosha",""
"111","Fri Oct 20 08:58:33 +0000 2023","","linksaru Min request stw makassar donk","0","0","0","0","en","","","MkwStw",""
"112","Fri Oct 20 08:57:54 +0000 2023","","Hai Kawan Laut Minhubksu mau menyampaikan Pengumuman penting nih bagi pengguna jasa Kepelautan Kantor Kesyahbandaran Utama Makassar  Mau tau Yuk simak video berikut inigt gt gt    kemenhub151 djplkemenhub151 ","0","0","0","1","in","","","syahbandarmksr",""
"113","Fri Oct 20 08:57:50 +0000 2023","","1656 Toa Daeng  Abdesir lalu lintas terpantau ramai lancar Fokus berkendara sampai ketujuan  U7 ","0","0","0","0","in","","","DiskominfoMKS",""
"114","Fri Oct 20 08:57:35 +0000 2023","","gocekannetijen Itu tetangga kue kak esa di Makassar  ayah nya pelatih adik gue pencak silat  Seru nih klo dtg ke kampung kami Akan kU record dan kU share disini semua ","0","0","0","0","in","","","Harymaguire12",""
"115","Fri Oct 20 08:56:41 +0000 2023","","dagangkorea Nih ada banyak yukk di take  Price offer aja   Bisa Paylater Dom makassar ","0","0","0","0","in","","","NayuDongsi",""
"116","Fri Oct 20 08:56:19 +0000 2023","","Jepri mau ki lewat mana di Makassar Lewat Sudiang ada mi ananaka menunggu depan BTP Lewat tol apalagi nda nu taunya ji barbarnya anana samping tol Belum pi dikumpulki ngaseng njo dari Ablam Malker Panampu ecece Polisi saja capek mi urusi sanging mami perang terus ","0","1","0","4","in","","","rarahaitani",""
"117","Fri Oct 20 08:55:10 +0000 2023","","giat Sosialisasi Relaksasi Pajak dan Safety Campaign oleh Jasa Raharja Cabang Sulawesi Selatan pada Hari Jumat 20 Oktober 2023 di PT Midi Utama Indonesia Tbk Cabang Makassar di Kawasan Industri Makassar Jl Kima 8 Blok SS No23 Daya Makassar","0","1","0","0","in","","","JR_Sulsel",""
"118","Fri Oct 20 08:53:18 +0000 2023","","Sellz  CALLING FOR RIIZE COLLECTOR  Bingung nyari WL dimana Sini yuk join G0 RIIZE ONLY kitaa  Sering drop pisi murce2  Personal Order Rate Rendah 1184501103k Makassar JKT Link di rep ya jeddongilvvvv ","0","1","0","0","in","","","sbtzone",""
"119","Fri Oct 20 08:53:02 +0000 2023","","utdfocusid I Love Football with my Greatest Team Ever Wrexham_AFC amp  PSM_Makassar","0","0","0","0","en","","","crzyman2709",""
"120","Fri Oct 20 08:52:48 +0000 2023","","Kuy  CALLING FOR RIIZE COLLECTOR  Bingung nyari WL dimana Sini yuk join G0 RIIZE ONLY kitaa  Sering drop pisi murce2  Personal Order Rate Rendah 1184501103k Makassar JKT Link di rep ya jeddongilvvvv ","0","1","0","0","in","","","sellkpopdata",""
"121","Fri Oct 20 08:52:33 +0000 2023","","alhamdulillah dapat proyek besar lagi hehe  besok ke makassar semoga cair lagi 4 site ","0","0","0","0","in","","","amyeonda",""
"122","Fri Oct 20 08:52:28 +0000 2023","","risell  CALLING FOR RIIZE COLLECTOR  Bingung nyari WL dimana Sini yuk join G0 RIIZE ONLY kitaa  Sering drop pisi murce2  Personal Order Rate Rendah 1184501103k Makassar JKT Link di rep ya jeddongilvvvv ","0","1","0","0","in","","","tokoriize",""
"123","Fri Oct 20 08:50:23 +0000 2023","","dennmm22 Ku tunggu ki di makassar nah","0","0","0","0","in","","","Alfianmusa90326",""
"124","Fri Oct 20 08:49:14 +0000 2023",""," 1900 PSM Makassar vs Arema 0  34                   ","0","0","0","0","in","","","Royal928G",""
"125","Fri Oct 20 08:46:33 +0000 2023","","jefrinichol dewimaysaa azfwul Bylksn cgaretsaftrmeal HlGHTHERAPY Kalo takut ke Makassar bilang aja bang Gak usah malu  Udah sono ngeganja lagi","0","0","0","0","in","","","codoix",""
"126","Fri Oct 20 08:46:23 +0000 2023","","jefrinichol aswin_permadi18 cgaretsaftrmeal HlGHTHERAPY sono jeptemuin orng makassar tuh gw yg pernah tinggal disana sih ogah punya urusan sama orng sono lu bacot gini krn tinggal di jawacoba lu ke sumaterakalimantan atau sulawesi pasti rumah lu di ketok orang tiap hari","0","0","0","0","in","","","ciptaningh",""
"127","Fri Oct 20 08:45:09 +0000 2023","","Ada diskon 65 nih jadi Rp169500 Cek di Tokopedia deh  The Corrs Bersih INA We Love You Gulf Publish Persebaya Day ADA SERATUS Yuuji Nabilataqiyyah Brownies Makassar Suzy Ketua KPK Mendung Galaxy S23 FE Airlangga Doona Go Youn Jung Jepri  ","0","0","0","0","in","","","elpoedjangga",""
"128","Fri Oct 20 08:44:07 +0000 2023","","Min tolong tayangin 30days di cgv makassar ","0","0","0","0","tl","","","ikonicsta",""
"129","Fri Oct 20 08:43:21 +0000 2023","","Mal Nipah di Makassar ditutup sementara pada Jumat 2010 karena krisis air bersih     ","0","0","0","1","in","","","kumparan",""
"130","Fri Oct 20 08:43:00 +0000 2023","","Such a great experience bisa ikut AHLF Ke makassar dan first time ever naek pesawat dan sebangga itu sm diri sendiri ditambah dapet temen2 makassar yg super baik bgtt selalu ngajak keliling mks smpe pas balik se sedih itu smpe nangis sesenggukan rasanya  ","0","0","0","0","in","","","pengabdi_santan",""
"131","Fri Oct 20 08:42:42 +0000 2023","","Ada diskon 67 nih jadi Rp149000 Cek di Tokopedia deh  Jepri GoYounJoung Doona Airlangga Galaxy S23 FE Mendung Ketua KPK Suzy Makassar Brownies Mabilataqiyyah Yuuji Ada  Seratus Persebaya Day Publish We Love You Gulf Bersih INA The Corss スーパーマリオ ","0","0","0","0","ja","","","elpoedjangga",""
"132","Fri Oct 20 08:41:38 +0000 2023","","sediterus MakassarFess pln makassar","0","0","0","0","in","","","_speedslave",""
"133","Fri Oct 20 08:40:13 +0000 2023","","1640 SImpang Mandai terpantau ramai lancar  er ","0","0","0","0","in","","","DiskominfoMKS",""
"134","Fri Oct 20 08:39:41 +0000 2023","","1639 HertasningToddopuli terpantau ramai lancar  er ","0","0","0","0","in","","","DiskominfoMKS",""
"135","Fri Oct 20 08:38:45 +0000 2023","","1638 ToddopuliAnggrek Raya terpantau ramai lancar  er ","0","0","0","0","in","","","DiskominfoMKS",""
"136","Fri Oct 20 08:33:44 +0000 2023","","BOVCSPIJIT MAIN RASA PACAR SENDIRI TELEGRAM       ","0","0","0","1","in","","","putrisintiaa1",""
"137","Fri Oct 20 08:33:41 +0000 2023","","CNNIndonesia makassarsulselmalukuntb pasangan amin unggul","0","0","0","0","in","","","kevindehai66944",""
"138","Fri Oct 20 08:33:28 +0000 2023","","melanchorely dahal gue orang bdg nape jauh bgt nyasar ke makassar","0","0","0","0","in","","","sawakosbf",""
"139","Fri Oct 20 08:32:59 +0000 2023","","eaaaaa takut sama orang makassar ","0","0","0","0","in","","","realllltiara",""
"140","Fri Oct 20 08:32:13 +0000 2023","","Pelantikan LDII Kota Makassar Memandu Masa Depan Umat Pelantikan pengurus Dewan Pimpinan Daerah Lembaga Dakwah Islam Indonesia LDII Kota Makassar akan digelar di Universitas Fajar     ","0","0","0","0","in","","","terkinidotid",""
"141","Fri Oct 20 08:32:09 +0000 2023","","baru sadar ini dia nantang orang makassar baru keluar bandara udah penyok u coba aja no ring langsung di tempat  u orang luar sok2an nantangin daerah yg persaudaraannya ketat gak kenalpun asal sama daerah mereka bakal saling bantu and not to mention parang exist ","0","0","0","0","in","","","realllltiara",""
"142","Fri Oct 20 08:31:59 +0000 2023","","Para nelayan di Kecamatan Kepulauan Sangkarrang Kota Makassar menggelar deklarasi di atas laut Itu untuk menyatakan dukungan terhadap Prabowo Subianto sebagai Presiden Republik Indonesia  ","0","0","0","0","in","","","heralddotID",""
"143","Fri Oct 20 08:31:36 +0000 2023","","di PT Nippon Indosari Corpindo Tbk Plant Makassar yang dibawakan oleh Penanggung Jawab Samsat Makassar II Mukhlis  Dalam kesempatan itu turut disampaikan jumlah santunan yang telah diserahkan kepada masyarakat korban laka lantas untuk wilayah kerja","0","1","0","0","in","","","JR_Sulsel",""
"144","Fri Oct 20 08:31:16 +0000 2023","","jumat jeon mendung minggu tolol raisa makestar bakri the corrs publish pks jungkook doona vidi avkor leunca firli jurusan prabowo korsel mom sorry menkopolhukam nabila hoshi nama shirtless yuuji makassar tantrum kurakura zendaya dj jihoon jepri mahfud","0","0","0","0","in","","","denisa_rea",""
"145","Fri Oct 20 08:30:07 +0000 2023","","Berikut prediksi PSM Makassar versus Arema FC pada pekan ke15 Liga 1 20232024 Duel ini akan digelar di Stadion Gelora BJ Habibie GBH Kota Parepare pada Jumat 20 Oktober 2023 mulai pukul 1900 WIB  ","0","0","0","0","in","","","heralddotID",""
"146","Fri Oct 20 08:30:01 +0000 2023","","Pelatih Arema FC Fernando Valente telah mempelajari gaya permainan PSM Makassar menjelang pertemuan keduanya dalam pekan ke16 Liga 1 Indonesia dengan penekanan pada gaya permainan agresif dan keahlian dalam bola mati serta umpan jauh ","0","0","0","0","in","","","tempodotco",""
"147","Fri Oct 20 08:29:45 +0000 2023","","Wafikkk28 dhkrmdhan aditfrmnsyhh ngeri kalo orang Makassar udah marah","0","0","0","0","in","","","3Section_",""
"148","Fri Oct 20 08:29:40 +0000 2023","","1628 Arus lalin sekitar wilayah Masjid Muh Chengho terpantau ramai lancar Gunakan lampu sen untuk pindah lajur jalan  rk ","0","0","0","0","in","","","DiskominfoMKS",""
"149","Fri Oct 20 08:28:17 +0000 2023","","cgaretsaftrmeal blm natau ini kalo org makassar marah bemana kak","0","0","0","0","in","","","americanomin",""
"150","Fri Oct 20 08:28:09 +0000 2023","","jumat avkor leunca firli jurusan prabowo korsel mom sorry menkopolhukam nabila hoshi nama shirtless yuuji makassar tantrum kurakura zendaya dj jihoon jepri mahfud mendung minggu tolol raisa makestar bakri the corrs publish pks jeon jungkook doona vidi","0","0","0","0","in","","","gennzzet",""
"151","Fri Oct 20 08:26:41 +0000 2023","","jumat jeon jungkook doona vidi avkor leunca firli jurusan prabowo korsel mom sorry menkopolhukam nabila hoshi nama shirtless yuuji makassar tantrum kurakura zendaya dj jihoon jepri mahfud mendung minggu tolol raisa makestar bakri the corrs publish pk","0","0","0","0","in","","","AesaSteffany",""
"152","Fri Oct 20 08:26:34 +0000 2023","","5 Tempat Sarapan Enak di Makassar dari Bubur Ayam sampai Songkolo  via idntimes","0","0","0","0","in","","","ayat_alsair",""
"153","Fri Oct 20 08:25:35 +0000 2023","","Wiljan Pluim Hengkang Lini Tengah PSM Makassar Semakin Berlubang  via idntimes","0","0","0","0","in","","","ayat_alsair",""
"154","Fri Oct 20 08:25:01 +0000 2023","","kerja di jawa apalagi around ibukota itu enak ya ternyata peradaban maju ramai apa aja ada hiburan melimpah kalo seandainya februari kmrn jd ambil di medan aceh atau bulan lalu nekat ambil makassar ga kesampean deh nonton konser gtu gtu hmmmm","0","0","0","0","in","","","noturtoyss",""
"155","Fri Oct 20 08:24:23 +0000 2023","","Talenta hip hop terdepan Makassar Ande Andee ajak serta sang istri untuk kolaborasi bersama di single terbaru  ","0","0","0","1","in","","","MilisiId",""
"156","Fri Oct 20 08:22:44 +0000 2023","","trending makassar agak lain yah isinya","0","0","0","1","in","","","yangpunyagaje",""
"157","Fri Oct 20 08:22:37 +0000 2023","","1622 Bontolempangan  Sawerigading terpantau ramai lancar gunakan selalu sabuk keselamatan saat anda berkendara   AW ","0","0","0","0","in","","","DiskominfoMKS",""
"158","Fri Oct 20 08:19:22 +0000 2023","","Kementerian Koperasi dan UKM KemenKopUKM menggandeng sejumlah perguruan tinggi salah satunya Universitas Hasanuddin UnHas di Makassar untuk mendorong peningkatan rasio wirausaha muda terutama dari kalangan mahasiswa atau milenial  ","0","0","0","0","in","","","NusantaraSerayu",""
"159","Fri Oct 20 08:19:10 +0000 2023","","Pijat semua body pegal cape masuk angin Minat inbox wa  Harga 150 ribu siap ke tempat anda 085945153692","0","0","0","0","in","","","Rafi36547060",""
"160","Fri Oct 20 08:16:24 +0000 2023","","Imfo pijat area makassar perintis   ","0","4","0","7","in","","","AndiilhamI3196",""
"161","Fri Oct 20 08:16:05 +0000 2023","","Terbaru Istri Polisi Karina Dinda Lestari Diduga Jadi Korban Pemerkosaan Mahasiswa Unhas Makassar AW Kasus istri polisi sekaligus dokter muda Karina Dinda Lestari yang selingkuh dengan seorang     ","0","0","0","0","in","","","terkinidotid",""
"162","Fri Oct 20 08:15:29 +0000 2023","","Fahrihamzah Betul bangmakanya Rekonsiliasi amp  legacy Pak jokowi hrs berkelanjutan","0","0","0","0","in","","","makassar67",""
"163","Fri Oct 20 08:15:27 +0000 2023","","Bulan2 lalu pas gw lg sering2nga business trip gw ngeluh keknya butuh istirahat deh  Setelah itu gw berbulan2 ga buss trip sampe kemaren2 gw ngmg kok gw kangen business trip ya tiba2 minfgu ini disuruh ke NTB amp  minggu depan ke makassar dan manado  Emg Tuhan mendengar","0","0","0","0","in","","","cinakelapa",""
"164","Fri Oct 20 08:14:02 +0000 2023","","biscuitchizuuu Habis airnya mungkin jg wkwkwk","0","0","0","0","in","","","MakassarXxx",""
"165","Fri Oct 20 08:13:41 +0000 2023","","Digerebek Ngamar Bareng Dokter Koas di Rusunawa Unhas Dokter Residen Aniaya Istri ","3","2","5","11","in","","","agakarebaa",""
"166","Fri Oct 20 08:13:39 +0000 2023","","LINK GACOR gt gt  PRAGMA123  Ini twitter open   Makassar Mendung Gempa karna goyangan hot        ","0","0","0","0","in","","","PRAGMA123_LINK",""
"167","Fri Oct 20 08:13:14 +0000 2023","","Indonesia memiliki hutan tropis yang luas dan memiliki keanekaragaman hayati yang tinggi Hutan tropis ini merupakan habitat flora dan fauna     Yuuk jaga alam kita agar keanekaragaman hayati tetap dapat terjaga       ","0","0","0","0","in","","","smkhutmksr",""
"168","Fri Oct 20 08:12:23 +0000 2023","","1611 Urip depan kntr gab dinas terpantau ramai lancar  Hidup itu seperti mengemudi tetaplah di jalurmu sendiri  wi ","0","0","0","0","in","","","DiskominfoMKS",""
"169","Fri Oct 20 08:11:32 +0000 2023","","1611 Flyover atas urip terpantau lancar Berkendara lambat Berkendara dengan aman Hidup tidak ada cadangannya  wi ","0","0","0","0","in","","","DiskominfoMKS",""
"170","Fri Oct 20 08:11:08 +0000 2023","","infoXwor_ Jiahh ada yg di tarik ga jd dong ke makassar nya ","0","0","0","0","in","","","dizzydevil1899",""
"171","Fri Oct 20 08:09:41 +0000 2023","","1609 Kumala  Andi Tonro arus lalin terpantau ramai lancar Ingat Patuhi selalu rambu lalu lintas  rk ","0","0","0","0","in","","","DiskominfoMKS",""
"172","Fri Oct 20 08:09:23 +0000 2023","","infoXwor_ Kek bocil kematian njir minimal terima ajakan ke makassar lah paling baru sampe udah kena busur","0","0","0","0","in","","","Zul80163616",""
"173","Fri Oct 20 08:06:57 +0000 2023","","jumat jeon jungkook doona vidi avkor leunca firli jurusan prabowo korsel mom sorry menkopolhukam nabila hoshi nama shirtless yuuji makassar tantrum kurakura zendaya dj jihoon jepri mahfud mendung minggu tolol raisa makestar bakri the corrs publish army worldwide fans Jimin","0","0","0","0","in","","","zasyamood",""
"174","Fri Oct 20 08:06:06 +0000 2023","","Proof the Truth band alternatif rock asal Makassar rilis single kedua Menunggu tentang penantian akan kekasih tercinta  ","0","0","0","0","in","","","MilisiId",""
"175","Fri Oct 20 08:05:57 +0000 2023","","jumat jeon jungkook doona vidi avkor leunca firli jurusan prabowo korsel mom sorry menkopolhukam nabila hoshi nama shirtless yuuji makassar tantrum kurakura zendaya dj jihoon jepri mahfud mendung minggu tolol raisa makestar bakri the corrs publish pks","0","0","30","32","in","","","zasyamood",""
"176","Fri Oct 20 08:02:58 +0000 2023","","ayoo dong pln_123 makassar  mati lampu katanya 3 jam aja tp knapa ini lebihh yaaa ","0","0","0","0","in","","","Pcyloeyceye1127",""
"177","Fri Oct 20 08:02:38 +0000 2023","","1602 Mangerangi  Mappaodang arus lalin terpantau ramai lancar Tetap berhatihati Utamakan keselamatan dalam berkendara   MAM ","0","0","0","0","in","","","DiskominfoMKS",""
"178","Fri Oct 20 08:02:23 +0000 2023","","Tolong gue juga mau soalnya gemey tapi makassar ngga ujan2 anjoyy ","0","0","0","0","in","","","bitterwonu17",""
"179","Fri Oct 20 08:01:45 +0000 2023","","Honey Drew asal Makassar lepas single debut berjudul Reality  ","0","0","0","0","in","","","MilisiId",""
"180","Fri Oct 20 08:01:20 +0000 2023","","Ngidam coto makassar pake bangettt","0","0","0","0","in","","","nabilandila",""
"181","Fri Oct 20 08:01:08 +0000 2023",""," LIVE  Rapat Paripurna Pengumuman Pemberhentian Wakil Wali Kota Makassar Fatmawati Rusdi ","0","0","1","2","in","","","SupirPete2",""
"182","Fri Oct 20 08:00:24 +0000 2023","","Tidak tidur siang   ","0","1","0","3","in","","","akilramadhan5",""
"183","Fri Oct 20 08:00:08 +0000 2023","","Jadwal BRI Liga 1  Livescore amp  Statistik 1500  Persikabo 1973 vs PSIS Semarang  1500  Bali United vs Persebaya Surabaya  1900  PSM Makassar vs Arema FC     ","0","0","0","0","in","","","nowgoalsoccer",""
"184","Fri Oct 20 07:59:45 +0000 2023","","  indosatim3  knpa jaringan lu saat ini jelek banget dikota sebesar Makassar lgi urgent nih gue","0","1","0","0","in","","","tiktikpsng",""
"185","Fri Oct 20 07:59:18 +0000 2023","","cgaretsaftrmeal dehh takutkii ke makassar hahahah","0","0","0","0","in","","","EMedool",""
"186","Fri Oct 20 07:59:07 +0000 2023","","Boleh numpang charge gk  ","0","4","0","9","in","","","blackpaaaaa",""
"187","Fri Oct 20 07:59:05 +0000 2023","","rarahaitani Emma menang Lebih bahaya cewek makassar daripada mas mas tinju amatiran Serius ka ini wkwk","0","1","0","0","in","","","plentfeef",""
"188","Fri Oct 20 07:59:01 +0000 2023","","Telkom Masuk Jajaran Forbes Worlds Best Employer Unggul Dari Perusahaan Terkemuka Dunia ","0","0","0","0","in","","","MakassarRa4140",""
"189","Fri Oct 20 07:58:27 +0000 2023","","infoXwor_ that GW TARIK KATA KATA GW wkkwkwwkwkwkwkwkw kicep ama org makassar","0","0","0","1","in","","","cimmidand",""
"190","Fri Oct 20 07:58:15 +0000 2023","","LINK BOLA HARI INI  BALI UNITED VS PERSEBAYA SURABAYA KICK OFF 1900 WIB   PERSIKABO VS PSIS SEMARANG KICK OFF 1500 WIB   PSM MAKASSAR VS AREMA FC KICK OFF 1900 WIB   ","0","0","0","0","in","","","son_hyung_kil",""
"191","Fri Oct 20 07:57:22 +0000 2023","","Lah ga jadi ke Makassar ","0","0","0","0","in","","","Martinus_Leo",""
"192","Fri Oct 20 07:57:22 +0000 2023","","gocekannetijen Tawwa Salah pilih lawanko kalo org makassar mauko lawan sundala Jgn modal ganteng doang baru sok beraniko Sebentar baruko tiba di bandara butami sebelah matamu kena busur siapa mauko salahkan","0","0","0","0","in","","","ukhy_bagoesP",""
"193","Fri Oct 20 07:56:05 +0000 2023","","LINK BOLA HARI INI  BALI UNITED VS PERSEBAYA SURABAYA KICK OFF 1900 WIB   PERSIKABO VS PSIS SEMARANG KICK OFF 1500 WIB   PSM MAKASSAR VS AREMA FC KICK OFF 1900 WIB   ","0","0","0","0","in","","","laagerhei96332",""
"194","Fri Oct 20 07:54:34 +0000 2023","","1553 Karunrung  Hasanuddin arus lalin terpantau ramai lancar Jaga konsentrasi saat berkendara  rk ","0","0","0","0","in","","","DiskominfoMKS",""
"195","Fri Oct 20 07:54:33 +0000 2023","","Makassar knp panas banget  ","0","0","0","0","in","","","Mark___2",""
"196","Fri Oct 20 07:54:01 +0000 2023","","makassar mataharinya 1 orang 1 ","0","1","0","14","in","","","Kokolye",""
"197","Fri Oct 20 07:53:37 +0000 2023","","Jumat 20 Oktober 2023 Pukul 1600 WitaSelesai Live On IG lentera_makassar ","0","0","0","0","in","","","IJABI_Sulbar",""
"198","Fri Oct 20 07:51:35 +0000 2023","","1551Andalas  Tentara Pelajar terpantau ramai lancar Tetap memperhatikan keselamatan dan keamanan dalam berkendara AW ","0","0","0","0","in","","","DiskominfoMKS",""
"199","Fri Oct 20 07:48:37 +0000 2023","","tanyakanrl ke makassar jadi ga dia","0","0","0","1","in","","","linoilkoa",""
"200","Fri Oct 20 07:46:52 +0000 2023","","Fahrihamzah Sejatinya bisa dikategorikan seperti balon warnawarni indah tapi isinya angin","0","0","0","0","in","","","makassar67",""
"201","Fri Oct 20 07:44:33 +0000 2023","","jumat jeon jungkook doona vidi avkor leunca firli jurusan prabowo korsel mom sorry menkopolhukam nabila hoshi nama shirtless yuuji makassar tantrum kurakura zendaya dj jihoon jepri mahfud mendung minggu tolol raisa makestar bakri the corrs publish pks    ","1","13","41","73","in","","","aestheute",""
"202","Fri Oct 20 07:40:18 +0000 2023","","Dari tadi mati lampu cas tinggal berapa  ","0","1","0","1","in","","","Bara967",""
"203","Fri Oct 20 07:39:19 +0000 2023","","jefrinichol cgaretsaftrmeal HlGHTHERAPY ke makassar memang ko siala mau diliat sejago apa ko kah buat kasi cacat bapaknya orang","0","0","0","0","in","","","loonydumb",""
"204","Fri Oct 20 07:38:36 +0000 2023","","datuakrajoangek Dimaafkan sj udamungkin koutanya terbatas jadi tdk pernah lihat youtube Microphone hasan Nasbi","0","0","0","0","in","","","makassar67",""
"205","Fri Oct 20 07:38:31 +0000 2023","","Makassar 20 oktober 2023 Semakin bnyk orang d jalan bawa jerigen galon dan toren air ","0","0","0","0","in","","","ezra_saleh",""
"206","Fri Oct 20 07:37:50 +0000 2023","","Oknum Dokter di Makassar akan Diperiksa Terkait Kasus Perzinaan dengan Istri Polisi ","0","0","0","0","in","","","KuretaID",""
"207","Fri Oct 20 07:36:45 +0000 2023","","cgaretsaftrmeal jefrinichol HlGHTHERAPY Apaji jadiji ke Makassar Gappakah caritanaji jai","0","0","0","0","in","","","and__design",""
"208","Fri Oct 20 07:36:36 +0000 2023","","Latepost Hasil Akhir Pekan ke15    8 Oktober 2023 PSM Makassar 02 Madura United Persita Tangerang 22 Persik Kediri Bhayangkara Presisi Indonesia FC 12 Bali United","0","0","0","0","in","","","48bolaID",""
"209","Fri Oct 20 07:34:57 +0000 2023","","Makassar panas   ","0","2","0","16","in","","","Juno58046650",""
"210","Fri Oct 20 07:34:47 +0000 2023","","ummumuzzam Halo kak mohon maaf untuk ketidaknyamanannya saat ini status paket anda masih dalam proses di gateway makassar akan kami follow up agar pengiriman dapat dimaksimalkan mohon kesediaannya untuk menunggu terima kasih ","0","0","0","0","in","","","jntexpressid",""
"211","Fri Oct 20 07:34:06 +0000 2023","","infoXwor_ Lah ga jadi ke makassar dia ","0","1","0","0","in","","","aesthusias",""
"212","Fri Oct 20 07:33:20 +0000 2023","","cgaretsaftrmeal bang in case lu nggak liat nih bapaknya si mba EM nungguin lu di makassar  jefrinichol","0","0","0","0","in","","","josst4p",""
"213","Fri Oct 20 07:32:46 +0000 2023","","1532 Masjid Raya  Pintu Al Markaz arus lalin terpantau ramai lancar Selalu gunakan kecepatan normal saat berkendara  rk ","0","0","0","0","in","","","DiskominfoMKS",""
"214","Fri Oct 20 07:32:43 +0000 2023","","Pers Sat Samapta Polres Pelabuhan Makassar melaksanakan pengamanan di Pasar Butung ","0","0","0","1","in","","","Samaptarespel",""
"215","Fri Oct 20 07:31:05 +0000 2023","","Mal Nipah Park di Kota Makassar Sulawesi Selatan ditutup sementara pada hari ini Jumat 20 Oktober 2023  ","0","0","0","0","in","","","heralddotID",""
"216","Fri Oct 20 07:30:56 +0000 2023","","gila ni makassar dah panas air mati listrik padam ","0","0","0","0","in","","","clairdelune_al",""
"217","Fri Oct 20 07:30:46 +0000 2023","","cgaretsaftrmeal jefrinichol HlGHTHERAPY deehbooking memang ma 1 tiket tribun timur mauka liat JepNic dipare coto kl berani ke makassar","0","0","0","1","in","","","hey_supra",""
"218","Fri Oct 20 07:30:19 +0000 2023","","Open PO ZEROBASEONE ZB1 2nd Mini Album Melting Point DIGIPACK VER  MAKESTAR  Price 185k  DP 85k  Avail slot  Zhanghao Sung Hanbin Matthew Ricky Gunwook Taerae Gyuvin Jiwoong   Bersih INA EMS  Seabank  Dana  Spay  Qris  Packing amp  Adm oren  Makassar ","16","1","0","2","in","","","_itsyoonara",""
"219","Fri Oct 20 07:29:06 +0000 2023","","SMA Negeri 8 Makassar Jadi Raja di Malam Grand Final AXIS Nation Cup 2023 ","0","0","0","0","in","","","beritatrencom",""
"220","Fri Oct 20 07:28:48 +0000 2023","","aicberryy makassar hahaha","0","0","0","0","tl","","","ssauudaadee",""
"221","Fri Oct 20 07:28:41 +0000 2023","","SungguminasaMahasiswa Praktek Pengalaman Lapangan PPL UIN Alauddin Makassar melakukan Penyuluhan Hikmah di Balik Masalah Jumat 2010 Kegiatan dilaksanakan di aula Lapas Narkotika Kelas IIA Sungguminasa ","0","0","0","0","in","","","lpnsungguminasa",""
"222","Fri Oct 20 07:28:33 +0000 2023","","idextratime Makassar panasnya udah kek di Gurun anjir","0","0","0","0","in","","","crzyman2709",""
"223","Fri Oct 20 07:28:18 +0000 2023","","Tayang di Indosiar Ini Link Live Streaming PSM Makassar Vs Arema Liga 1 Pukul 1900 WIB ","0","0","0","0","in","","","indobc_id",""
"224","Fri Oct 20 07:28:10 +0000 2023","","antoreyes27 cgaretsaftrmeal Emang warga Makassar mah hobi ribut bang wkwkwkw","0","0","0","0","in","","","vdosreal",""
"225","Fri Oct 20 07:28:04 +0000 2023","","Air gak ngalir listrik mati bergilir tiap hari hadeh makassar gini amat","0","0","0","0","in","","","suamsuam_nail",""
"226","Fri Oct 20 07:27:55 +0000 2023","","cgaretsaftrmeal jefrinichol HlGHTHERAPY Di MakassarBugis ada budaya tarung sarung kan ya mbak Sama halnya di Madura ada Carok Mungkin terapin itu aja","0","0","0","0","in","","","Goodwindology",""
"227","Fri Oct 20 07:27:02 +0000 2023","","1526 Perintis  Batara Bira arus lalin terpantau ramai lancar   MAM ","0","0","0","0","in","","","DiskominfoMKS",""
"228","Fri Oct 20 07:26:18 +0000 2023","","Belom juga berangkat ke Makassar udah puter balik aje bang","0","0","0","0","in","","","nfnmlyd",""
"229","Fri Oct 20 07:25:53 +0000 2023","","1525 Losari  RS Siloam arus lalin terpantau ramai lancar Gunakan lampu sen untuk pindah lajur jalan   MAM ","0","0","0","0","in","","","DiskominfoMKS",""
"230","Fri Oct 20 07:24:16 +0000 2023","","BRI Liga 1 PSM Makassar Akhiri Tren Buruk atau Arema Keluar dari Zona Merah ","0","1","0","0","in","","","pikiran_rakyat",""
"231","Fri Oct 20 07:23:41 +0000 2023","","1522 Latimojong  Sungai Pareman arus lalin terpantau ramai lancar Kurangi kecepatan di persimpangan jalan  rk ","0","0","0","0","in","","","DiskominfoMKS",""
"232","Fri Oct 20 07:23:20 +0000 2023","","  ","0","0","0","0","qme","","","MarfulMuh",""
"233","Fri Oct 20 07:23:06 +0000 2023","","convomf makassar yah km nder","0","0","0","0","in","","","unbebeeee",""
"234","Fri Oct 20 07:22:34 +0000 2023","","Arema FC Tanpa Kapten Dendi Santoso Lawan PSM Makassar ","0","0","1","1","in","","","VIVAbola",""
"235","Fri Oct 20 07:22:29 +0000 2023","","cgaretsaftrmeal jefrinichol HlGHTHERAPY Plot twist  bapaknya mbak EM pentolan di Makassar sekali tendang langsung pingsan si nganu wkwkwkwk","0","0","0","0","in","","","komplenmulu",""
"236","Fri Oct 20 07:21:23 +0000 2023","","PSM Makassar tengah mengincar tiga pemain untuk memperkuat tim jelang bursa transfer putaran kedua Liga 1 musim 20232024  ","0","0","0","0","in","","","heralddotID",""
"237","Fri Oct 20 07:20:37 +0000 2023","","Kepala Kepolisian Negara Republik Indonesia Kapolri Jenderal Pol Listyo Sigit Prabowo tiba di Makassar pukul 1220 Wita di Lanud Sultan Hasanuddin TNI AU Jumat 20 Oktober 2023 Jenderal Sigit menggunakan pesawat Garuda Indonesia  ","0","0","0","0","in","","","heralddotID",""
"238","Fri Oct 20 07:20:07 +0000 2023","","caratsmarket Ta white hao nder 120k dom makassar udah inc adm pack dll ","0","0","0","0","in","","","hortensilovey",""
"239","Fri Oct 20 07:20:00 +0000 2023","","LIVY  Semarang  Cute Sexy Montok Exotic Skin Extra Hot Big Boobs Social Drinker  s t a y c a t i o n 1921  BALIKPAPAN 2224  MANADO 2627  MAKASSAR  ツ Find her on  viyLi693  livykeinarra66 Tele  Sgirl_night WA  087810588318 ","0","0","0","0","en","","","ohayokupu",""
"240","Fri Oct 20 07:19:51 +0000 2023","","Ballassi pohon   Kota Makassar kini sudah disesaki baliho atau alat peraga kampanye caleg hingga capres di berbagai titik  Namun sayang banyak caleg yang memasang alat peraganya dengan cara dipaku di pohon       ","0","0","0","0","in","","","detiksulsel",""
"241","Fri Oct 20 07:19:09 +0000 2023","","   Indonesia Liga1   1900 WIB    PSM Makassar vs Arema FC   Click here to watch                ","0","0","0","0","in","","","GoalooinLive",""
"242","Fri Oct 20 07:17:19 +0000 2023","","nemu kasus artis mau cacatin bapak seorang gadis cek percek si cewe orang makassar sebaiknya berpikir ulang dulu bosku ini masuk kategori siri semboyannya org makassar seorang yg kau ajak gelut yakinlah semua pemuda makassar yg merasa pelanpelan bosku ","0","0","0","0","in","","","ahmdthlil",""
"243","Fri Oct 20 07:15:12 +0000 2023","","PSM Makassar Vs Arema FC Jadwal Siaran Langsung Link Live Streaming dan Prediksi Skor ","0","0","0","0","in","","","viva_mindset",""
"244","Fri Oct 20 07:14:26 +0000 2023","","Berani gak tuh si narkoboy lawan bapak2 Makassar","0","1","0","2","in","","","Bubblecoconut1",""
"245","Fri Oct 20 07:13:30 +0000 2023","","1512 Abdul kadir terpantau lancar Pergi lebih cepat mengemudi lebih lambat hidup lebih lama  wi ","0","0","0","0","in","","","DiskominfoMKS",""
"246","Fri Oct 20 07:12:33 +0000 2023","","1511 Bandangtinumbu terpantau lancar Jadilah pengemudi yang patuh berkendaralah dengan aman  wi ","0","0","0","0","in","","","DiskominfoMKS",""
"247","Fri Oct 20 07:11:06 +0000 2023","","Polsanak Satlantas Polres Pelabuhan Makassar Terima Kunjungan Siswa TK Al Afiah  ","0","0","0","0","in","","","NTMC_Info",""
"248","Fri Oct 20 07:11:02 +0000 2023","","waduh makassar","0","0","0","0","in","","","kunciyyy",""
"249","Fri Oct 20 07:10:15 +0000 2023","","1510 DgTataRSHaji terpantau ramai lancar Patuhi Rambu lalu lintas demi keselamatan bersama   AW ","0","0","0","0","in","","","DiskominfoMKS",""
"250","Fri Oct 20 07:10:11 +0000 2023","","detikfood Resep Pembaca Kue Toli Toli Khas Makassar yang Kenyal Legit ","0","0","0","0","in","","","jakarta_food",""
"251","Fri Oct 20 07:08:46 +0000 2023","","Apel gelar pasukan dan peralatan dalam rangka pengamanan pertandingan Sepak Bola BRI LIGA 1 antara PSM Makassar Vs Arema FC yang dipimpin oleh Wakil komandan Batalyon B Pelopor Satbrimob Polda Sulsel Akp Yermia WillyamSE     ","0","0","0","0","in","","","pabbetowali",""
"252","Fri Oct 20 07:06:53 +0000 2023","","   Indonesia    1900 WIB     Makassar vs  FC   Click here to watch ","0","0","0","0","in","","","GoalooinLive",""
"253","Fri Oct 20 07:06:41 +0000 2023","","Perayaan Hut Ke354 Tahun Sulawesi Selatan di buka di anjungan Pantai Losari Makassar ","0","0","0","1","in","","","KompasTV",""
"254","Fri Oct 20 07:06:34 +0000 2023","","Pemain Brunei Seleksi Di PSM Makassar ","0","0","0","3","in","","","KompasTV",""
"255","Fri Oct 20 07:06:26 +0000 2023","","Prediksi Skor PSM Makassar vs Arema FC di Liga 1 Indonesia 2023 Berikut H2H Kondisi Tim hingga Line Up ","0","0","0","0","in","","","pikiran_rakyat",""
"256","Fri Oct 20 07:05:40 +0000 2023","","Resep Pembaca Kue Toli Toli Khas Makassar yang Kenyal Legit ","0","0","0","0","in","","","detikfood",""
"257","Fri Oct 20 07:04:36 +0000 2023",""," Kamis 19 Oktober 2023 Tim Kepegawaian BRPBAPPP menghadiri Undangan Bawaslu Kab Maros tentang Pengawasan Netralitas ASN TNI POLRI Kegiatan dilaksanakan di Makassar dengan menghadirkan narasumber dari Bawaslu Sulsel Bawaslu Maros dan KPU Sulsel ","0","1","0","3","in","","","BRPBAP3_Maros",""
"258","Fri Oct 20 07:03:56 +0000 2023","","Profil Karina Dinda Lestari Dokter Cantik asal Makassar Eks 10 Besar Putri Indonesia Sulsel 2014    via tribunnews","0","0","0","0","in","","","matulessy_yani",""
"259","Fri Oct 20 07:02:00 +0000 2023","","Juku Eja Bisa Bendung Top Skor Liga 1   PSM Makassar akan menjamu Arema FC dalam lanjutan Liga 1 Juku Eja mampu menghentikan top skor Liga 1 Gustavo Almeida   gt gt    ","0","0","1","2","in","","","detikcom",""
"260","Fri Oct 20 07:01:59 +0000 2023","","tanyakanrl makassar belum mendung doang kaga ujan","0","0","0","0","in","","","jsksnzkskll",""
"261","Fri Oct 20 07:00:41 +0000 2023","","StonexBlood suruh ke makassar aja dia ditungguin bapakku tuh di rumah kalo ga mau sama bapakku sama kakakku aja deh","0","1","0","2","in","","","cgaretsaftrmeal",""
"262","Fri Oct 20 07:00:00 +0000 2023","","𝗜𝗻𝗱𝗼𝗻𝗲𝘀𝗶𝗮 𝗟𝗶𝗴𝗮 𝟭 1500 Bali United vs Persebaya Surabaya Live Stream  1500 Persikabo 1973 vs PSIS Semarang Live Stream  1900 PSM Makassar vs Arema FC Live Stream  ","0","0","0","0","in","","","F90bola",""
"263","Fri Oct 20 06:59:50 +0000 2023","","panasnya  ","0","0","0","2","in","","","mhmmdzlfqrr",""
"264","Fri Oct 20 06:59:06 +0000 2023","","mana ditambah mati lampu  pakettt kompliittt mmg di makassar ","0","0","0","0","in","","","Pcyloeyceye1127",""
"265","Fri Oct 20 06:59:00 +0000 2023","","infoXwor_ Gk jadi ke Makassar Ah gk seru","0","0","0","1","in","","","inidina28",""
"266","Fri Oct 20 06:58:54 +0000 2023","","Universitas Negeri Makassar UNM menerima tim evaluasi dari Direktorat Kelembagaan Ditjen Pendidikan Tinggi Riset dan Teknologi dalam rangka evaluasi lapangan terhadap usulan pembukaan Program Studi Profesi Insinyur di Universitas Negeri Makassar UNM ","0","0","0","1","in","","","UNM_Makassar",""
"267","Fri Oct 20 06:58:32 +0000 2023","","Jadwal Siaran Langsung Liga 1 Hari Ini Ada PSM Makassar Vs Arema FC ","0","1","1","0","in","","","VIVAbola",""
"268","Fri Oct 20 06:57:50 +0000 2023","","jefrinichol dewimaysaa azfwul Bylksn cgaretsaftrmeal HlGHTHERAPY bilang aja kaga berani lu nginjek tanah Makassar udah ada parang terbang nyariin leher lu wkwkwk","0","0","0","0","in","","","burung_kondor",""
"269","Fri Oct 20 06:57:48 +0000 2023","","grossigned MASABAPERKI paket komplit  bgmna nda smakin tnggi derajatnya org makassar","0","0","0","0","in","","","Pcyloeyceye1127",""
"270","Fri Oct 20 06:57:46 +0000 2023","","jefrinichol Cacat logikanya dimana Kan bener yang dia bilang lu cuma pilih2 lawan yang lemah doang Giliran dengar kata Makassar lu mingkem ","0","1","0","0","in","","","deviedadoz",""
"271","Fri Oct 20 06:57:10 +0000 2023","","jntexpressid paket sy JP0350583794 tidak ada pergerakaan dr makassar min Tolong donk","1","2","1","0","in","","","ummumuzzam",""
"272","Fri Oct 20 06:56:47 +0000 2023","","Kalian yang ada di Makassar  Janjian  Deal  Tempat disiapkan tamu  klien  Pijatannya nyaman amp  siap memuaskan Anda Terapist Pria  Ramah dan privasi terjaga  082152512853  Pijat traditional online untuk pria area Makassar  Follow Like Comment amp  Tag Temanmu ","0","0","0","0","in","","","terapispijat5",""
"273","Fri Oct 20 06:56:26 +0000 2023","","Open pijat makassar  Inout Siang ini kita ada bonus Buruan isi slotnya mas    ","0","0","1","2","in","","","Dedek0815",""
"274","Fri Oct 20 06:56:20 +0000 2023","","samperin lah itu bang bapak mbanya ke makassar buktiin omongan lu wkwkw","0","0","0","0","in","","","ParkSooPeer",""
"275","Fri Oct 20 06:56:08 +0000 2023","","                   ","0","0","0","0","qme","","","terapispijat5",""
"276","Fri Oct 20 06:55:40 +0000 2023","","Berikut Lokasi Layanan SIM Keliling Makassar pada hari ini Jumat 20 Okt 2023 mulai pukul 0900 s  d 1500 WITA 1 Depan Terminal Daya 2 Perum Antang  ","0","0","0","0","in","","","NTMC_Info",""
"277","Fri Oct 20 06:55:31 +0000 2023",""," Medan Delipark  Food Area 3A Floor  Makassar New Trans Studio Mall  1st Floor","0","1","0","1","en","","","BankMegaID",""
"278","Fri Oct 20 06:55:15 +0000 2023","","syadestyana Turbulensi parah sih belum pernah ya sedang2 saja Cuma paling malas itu kalau mau landing di Makassar atau Jayapura sering sekali sakit kepala sebelah sampai menangis karena sakitnya makan permen juga tidak terlalu ampuh untuk kurangi rasa sakitnya","0","1","0","0","in","","","edy_edwa",""
"279","Fri Oct 20 06:54:28 +0000 2023","","Biasanya ajak org main ke ring sekalinya diajak maen ke Makassar langsung kicep Otot doang gede biji letoy macam tahu tempe","0","0","0","0","in","","","zenadan_",""
"280","Fri Oct 20 06:52:54 +0000 2023","","infoXwor_ Tidak jadi ke makassar berarti","0","0","0","0","in","","","MuhArhamsyahRsl",""
"281","Fri Oct 20 06:50:46 +0000 2023","","cgaretsaftrmeal Woe jepri niKontol berani gak lo datang ke Makassar jefrinichol  Dah ditantangin tuh gak berani banci cupuuuu","0","0","0","0","in","","","iamkalong",""
"282","Fri Oct 20 06:50:15 +0000 2023","","1450 Kajaolalido  Katedral terpantau ramai lancar utamakan keselamatan  saat berkendara  AW ","0","0","0","0","in","","","DiskominfoMKS",""
"283","Fri Oct 20 06:50:06 +0000 2023","","Harapan Kepala Kantor Kemenag Kota Makassar untuk Pengurus Baru LDII ","0","0","1","22","in","","","ldii_news",""
"284","Fri Oct 20 06:49:40 +0000 2023","","ingfo loker     ","0","2","0","13","sv","","","abang_putra14",""
"285","Fri Oct 20 06:48:23 +0000 2023","","CEPAT BANGET DI ANGKET DERAJATNYA WARGA MAKASSAR  ","1","2","0","4","in","","","MASABAPERKI",""
"286","Fri Oct 20 06:48:15 +0000 2023","","Waduuuu Bang Jef salah pilih sasaran Orng Makassar diajak duel","0","0","0","0","in","","","Grayseu_",""
"287","Fri Oct 20 06:47:29 +0000 2023","","jefrinichol aswin_permadi18 cgaretsaftrmeal HlGHTHERAPY dh tuh ditungguin di Makassar jep bikin cafat dlu tuh bapaknya baru lu fafifu wasweswos udh gede masi tantrum aje lu","0","1","0","5","in","","","fisymissy",""
"288","Fri Oct 20 06:47:29 +0000 2023","","Bilang aja takut bang Pake alasan cacat logika Orang Makassar biasanya tdk ajak maen di ring bang Kalo udah bawabawa ortu biasanya diajak adu nyawa Kalo masih punya biji coba aja ke Makassar dn bilang di depan muka bapaknya","0","2","0","0","in","","","zenadan_",""
"289","Fri Oct 20 06:46:55 +0000 2023","","Makassar susah Air dan mati lampu ini bahasa rakyat Kondisi air Dam Bili Bili Gowa Sulsel yg jadi salah satu sumber air bersih warga Makassar dan sekitarnya tampak makin menipis Semoga dapat diantisipasi oleh pemerintah setempat Misal dgn hujan buatan Sebab bgm jadinya ","0","0","0","2","in","","","husainabdullah1",""
"290","Fri Oct 20 06:46:39 +0000 2023","","Mba Taylor mau curhat nih Sore ini di Sorelam akan bahas Mba Taylor bareng Duo Kalori nih Jam 4 sore  8 malam  Mba Taylor versi anda apa nih IListeners  ","0","0","0","0","in","","","iradiomakassar",""
"291","Fri Oct 20 06:46:31 +0000 2023","","jefrinichol dewimaysaa azfwul Bylksn cgaretsaftrmeal HlGHTHERAPY wkwkwkwk ga berani bang ke Makassar padahal tadi sok kerasssss gitchuuu","0","0","0","0","in","","","oyeoyeoo",""
"292","Fri Oct 20 06:45:37 +0000 2023","","infoXwor_ Orang orang Makassar kalo nikol ke sana entah itu promo film atau apa coba samperin mending dah  Langsung gemeter itu pasti dia","0","0","0","0","in","","","rajippps",""
"293","Fri Oct 20 06:44:33 +0000 2023","","PSM Makassar akan menjamu Arema FC dalam lanjutan Liga 1 Juku Eja mampu menghentikan top skor Liga 1 Gustavo Almeida ","0","0","0","0","in","","","detiksport",""
"294","Fri Oct 20 06:41:46 +0000 2023","","1439 Terpantau aksi unras di perempatan batas kota Alauddinsyechb yusuf arus lalu lintas mnjadi macet hindari jika sempat  ","0","0","1","1","in","","","DiskominfoMKS",""
"295","Fri Oct 20 06:40:47 +0000 2023","","StrangestMedia dan sapu menunggu dirumah menjalankan tugas","0","0","0","0","in","","","ApjMakassar",""
"296","Fri Oct 20 06:40:25 +0000 2023","","SupirPete2 imbronman PLN_Makassar Panas na kdg Makassar om supet Adakah itu infoo2 yg kasih adem2 sedikit sapatau ada info kapan Sheila on 7 konser di Makassar Misalnya ","0","0","0","0","in","","","1yasayang",""
"297","Fri Oct 20 06:40:20 +0000 2023","","Dari Balik Jeruji Untuk Palestina Warga Binaan Rutan Makassar Langitkan Doa Qunut Nazilah ","0","0","0","0","in","","","Rutan_Makassar",""
"298","Fri Oct 20 06:39:33 +0000 2023","","infoXwor_ Klo Makassar kejauhan sini ke Madura jefrinichol gw tunggu","0","0","0","0","in","","","arsha_id",""
"299","Fri Oct 20 06:39:32 +0000 2023","","1438 Perintis  Parumpa arus lalin terpantau ramai lancar Tetap tertib dan jaga jarak aman saat berkendara  rk ","0","0","0","0","in","","","DiskominfoMKS",""
"300","Fri Oct 20 06:38:57 +0000 2023","","Dari Balik Jeruji Untuk Palestina Warga Binaan Rutan Makassar Langitkan Doa Qunut Nazilah ","0","0","0","0","in","","","Rutan_Makassar",""
"301","Fri Oct 20 06:37:25 +0000 2023","","BRI Liga 1 Malam Ini PSM Makassar Vs Arema Yuk Naik Peringkat  ","0","0","0","0","in","","","news24_coid",""
"302","Fri Oct 20 06:37:19 +0000 2023","","1436 Pajjaiang  DgRamang arus lalin terpantau ramai lancar Jangan lupa nyalakan lampu sen sebelum berbelok  rk ","0","0","0","0","in","","","DiskominfoMKS",""
"303","Fri Oct 20 06:37:08 +0000 2023","","Makassar hot  ","0","1","0","18","in","","","kamunanyea111",""
"304","Fri Oct 20 06:37:06 +0000 2023","","1yasayang imbronman PLN_Makassar memang ","0","1","0","0","in","","","SupirPete2",""
"305","Fri Oct 20 06:36:10 +0000 2023","","Available   Open bookingan boprivate contentvcs Bisa panggilan juga           Telfon  ","0","0","0","1","in","","","BbyTwinkle__",""
"306","Fri Oct 20 06:36:02 +0000 2023","","ABroNextDoor how could they do this to kids ya Allah","0","0","0","0","en","","","ApjMakassar",""
"307","Fri Oct 20 06:35:19 +0000 2023","","imbronman SupirPete2 PLN_Makassar Masa itu om SupirPete2 na ceribel ki sanging jekate mami bede kita bahas","0","1","0","0","in","","","1yasayang",""
"308","Fri Oct 20 06:33:58 +0000 2023","","HELP RT   WTS  Want to sell  Photocard BTS world   Price on pict Adm 7 Pack 3k Splitpay or Fullpay Makassar  Condi amp  Claim by dm Hnrspill amp  block  tag Wts photocard bts ina Pc ","0","3","6","0","en","","","Jhope__nuna85",""
"309","Fri Oct 20 06:32:38 +0000 2023","","jefrinichol Bylksn cgaretsaftrmeal HlGHTHERAPY Gak usah sok garang nikol nanti dikeroyok rame karena ybs kepancing emosinya gelap mata bisa bonyok sebadankena tusuk pisokena busur kalo di makassar Lebih bijak lagi kata gw mah","0","0","1","0","in","","","rey_n_",""
"310","Fri Oct 20 06:32:13 +0000 2023","","The_RedsIndo belum aja diajak tarung sarung sm org makassarbugis itu","0","0","0","0","in","","","Octavian_13",""
